E_left,E_right,sel_left,sel_right,optset_left,optset_right,Qg_left,Qs_left,Ql_left,Qg_right,Qs_right,Ql_right,g_rel_left,g_rel_right,kind
20,21,草,大物,草,大,4.000000000,1.000000000,1.000000000,4.000000000,2.000000000,33.085534009,7.500000e-01,8.791012e-01,strict
26,27,大物,草,大,草,5.000000000,2.000000000,33.087094507,34.056568832,2.000000000,33.087823927,8.488837e-01,2.844517e-02,strict
40,41,草,大物,草,大,35.998271967,2.000000000,33.092036617,35.998979385,3.000000000,82.921646676,8.073263e-02,5.658675e-01,strict
46,47,大物,草,大,草,36.969302399,3.000000000,82.927685794,83.848587025,3.000000000,82.929373579,5.541983e-01,1.096278e-02,strict
60,61,草,大物,草,大,85.702674097,3.000000000,82.945030842,85.704301797,4.000000000,134.124848972,3.217686e-02,3.610110e-01,strict
71,72,大物,草,大,草,135.014954828,4.000000000,141.652681766,142.514550411,4.000000000,141.654411675,4.685917e-02,6.035445e-03,strict
80,81,草,小物,草,小,143.395058376,4.000000000,141.674780458,143.398628690,322.846805755,189.083136706,1.199677e-02,4.143255e-01,strict
86,87,小物,草,小,草,144.271188502,322.962521906,198.303856692,323.649781272,323.002217723,198.309527585,3.859849e-01,2.000816e-03,strict
100,101,草,小物,草,小,325.266571524,323.319004213,203.501395115,325.304309015,483.146020129,245.881568595,5.987604e-03,3.266957e-01,strict
106,107,小物,草,小,草,326.068157369,483.318005412,254.882948119,483.848303375,483.526567941,254.889937879,3.253548e-01,6.649510e-04,strict
120,121,草,小物,草,小,485.269633021,484.297892531,262.186996681,485.325554188,568.801075310,300.456673023,2.002475e-03,1.467570e-01,strict
126,127,小物,草,小,草,485.969970968,569.000106798,309.548164728,569.447314410,569.288167255,309.557254851,1.459229e-01,2.794765e-04,strict
140,141,草,小物,草,小,570.758042262,570.273889897,317.754917104,570.823035147,619.758425218,351.964043978,8.482620e-04,7.895881e-02,strict
146,147,小物,草,小,草,571.401645252,619.969881831,360.665291119,620.368104296,620.289961428,360.674988852,7.833967e-02,1.259621e-04,strict
160,161,草,小物,草,小,621.606574931,621.365927218,369.418461944,621.675992355,653.538761544,399.885881843,3.871383e-04,4.875421e-02,strict
171,172,小物,草,小,草,654.311158356,655.264943613,412.514701359,655.458652429,655.418027432,412.524228672,1.455572e-03,6.197950e-05,strict
180,181,草,小物,草,小,656.258832031,656.177582034,416.888930682,656.330141885,699.301965219,443.938898568,1.238079e-04,6.144960e-02,strict
191,192,小物,草,小,草,700.062017923,700.539487084,455.917522750,700.650659025,700.630346531,455.928639972,6.815735e-04,2.899090e-05,strict
200,201,草,小物,草,小,701.467416112,701.426791118,460.149630297,701.544484209,746.745995058,484.176260226,5.791430e-05,6.053131e-02,strict
211,212,小物,草,小,草,747.489357213,747.728703714,495.339226179,747.799115186,747.788958942,495.351859658,3.200981e-04,1.358151e-05,strict
220,221,草,小物,草,小,748.583526410,748.563213918,499.402142317,748.666027714,783.838220783,520.663917310,2.713457e-05,4.487175e-02,strict
231,232,小物,草,小,草,784.566217708,784.686468863,530.937226024,784.736592151,784.731514033,530.951252819,1.532474e-04,6.471112e-06,strict
240,241,草,小物,草,小,785.481955844,785.471799604,534.767699107,785.568088695,810.544804935,553.586469010,1.292995e-05,3.081473e-02,strict
251,252,小物,草,小,草,811.258834358,811.319475239,563.002202051,811.359524398,811.356985343,563.017521830,7.474353e-05,3.129384e-06,strict
260,261,草,小物,草,小,812.070761814,812.065683699,566.553328011,812.158608646,829.472506179,583.186254355,6.253291e-06,2.087338e-02,strict
271,272,小物,草,小,草,830.174619840,830.347847255,591.767136345,830.407600972,830.406331448,591.783226689,2.086203e-04,1.528797e-06,strict
280,281,草,小物,草,小,831.065525719,831.062986666,595.038800276,831.154576704,846.294020560,609.715562767,3.055178e-06,1.788911e-02,strict
291,292,小物,草,小,草,846.985529472,847.143775913,617.502197089,847.201328192,847.200693433,617.518770574,1.868000e-04,7.492424e-07,strict
300,301,草,小物,草,小,847.833054269,847.831784748,620.500522949,847.923426074,862.298486191,633.439985418,1.497372e-06,1.667063e-02,strict
311,312,小物,草,小,草,862.979608125,863.094736847,640.477277120,863.145210012,863.144892635,640.493965113,1.333906e-04,3.676978e-07,strict
320,321,草,小物,草,小,863.757396246,863.756761490,643.209853830,863.848666421,876.332823703,654.615382464,7.348782e-07,1.424591e-02,strict
331,332,小物,草,小,草,877.004171028,877.079916274,660.945966569,877.123627333,877.123468647,660.962327703,8.636071e-05,1.809159e-07,strict
340,341,草,小物,草,小,877.719007539,877.718690165,663.428067877,877.811166159,887.818341400,673.472229000,3.615898e-07,1.127165e-02,strict
351,352,小物,草,小,草,888.480873674,888.527995392,679.157288056,888.566396332,888.566316991,679.173172568,5.303346e-05,8.929031e-08,strict
360,361,草,小物,草,小,889.146497368,889.146338684,681.401438541,889.239295377,896.856723294,690.241217685,1.784672e-07,8.493473e-03,strict
371,372,小物,草,小,草,897.511838834,897.561438694,695.334649196,897.599823274,897.599783606,695.349837637,5.526068e-05,4.419342e-08,strict
380,381,草,小物,草,小,898.162832087,898.162752748,697.359751955,898.255701053,904.349652838,705.137008980,8.833418e-08,6.738491e-03,strict
391,392,小物,草,小,草,904.998239582,905.046808050,709.689284037,905.084602856,905.084583024,709.703709566,5.366404e-05,2.191185e-08,strict
400,401,草,小物,草,小,905.634158341,905.634118674,711.510480280,905.726772716,910.941287108,718.349642546,4.379950e-08,5.724314e-03,strict
411,412,小物,草,小,草,911.583871606,911.625458495,722.413362470,911.661689665,911.661679750,722.426939732,4.561839e-05,1.087500e-08,strict
420,421,草,小物,草,小,912.200567965,912.200548134,724.048389462,912.293365893,916.782304913,730.060456722,2.173923e-08,4.896407e-03,strict
431,432,小物,草,小,草,917.418903295,917.451098457,733.681598497,917.485798764,917.485793808,733.694309921,3.509196e-05,5.401307e-09,strict
440,441,草,小物,草,小,918.015347759,918.015337846,735.146653875,918.108847464,921.861963193,740.429905048,1.079821e-08,4.071234e-03,strict
451,452,小物,草,小,草,922.492434655,922.515644941,743.653669785,922.548907553,922.548905076,743.665494935,2.515977e-05,2.684357e-09,strict
460,461,草,小物,草,小,923.071207614,923.071202660,744.963348258,923.164915913,926.190597628,749.605190074,5.367279e-09,3.266802e-03,strict
471,472,小物,草,小,草,926.815766890,926.834843649,752.471238314,926.867184866,926.867183629,752.482182113,2.058270e-05,1.334635e-09,strict
480,481,草,小物,草,小,927.382457617,927.382455141,753.641587000,927.476049175,929.908564535,757.718327951,2.669190e-09,2.615865e-03,strict
491,492,小物,草,小,草,930.530102834,930.546947999,760.264516812,930.578475376,930.578474758,760.274606818,1.810243e-05,6.635290e-10,strict
500,501,草,小物,草,小,931.087413373,931.087412136,761.307920053,931.181028066,933.184051294,764.887950807,1.327558e-09,2.146440e-03,strict
511,512,小物,草,小,草,933.802512194,933.817189129,767.147752258,933.847766244,933.847765936,767.157018536,1.571714e-05,3.297481e-10,strict
520,521,草,小物,草,小,934.351476246,934.351475629,768.077935186,934.444182190,936.122772429,771.221023550,6.601556e-10,1.793130e-03,strict
531,532,小物,草,小,草,936.739331738,936.751514101,773.224989192,936.781042188,936.781042035,773.233477338,1.300490e-05,1.636767e-10,strict
540,541,草,小物,草,小,937.280330697,937.280330390,774.052810377,937.372676350,938.778012817,776.811751949,3.280085e-10,1.496985e-03,strict
551,552,小物,草,小,草,939.390853223,939.400440330,778.587993248,939.429138390,939.429138314,778.595743722,1.020556e-05,8.104625e-11,strict
560,561,草,小物,草,小,939.926150104,939.926149951,779.324389541,940.018567630,941.177660312,781.745860286,1.626872e-10,1.231534e-03,strict
571,572,小物,草,小,草,941.787238935,941.794906266,783.318911295,941.823181483,941.823181446,783.325975543,8.141189e-06,3.994682e-11,strict
580,581,草,小物,草,小,942.315576392,942.315576316,783.973526644,942.409892672,943.356488618,786.098357765,8.041579e-11,1.003434e-03,strict
591,592,小物,草,小,草,943.961876293,943.968246356,787.491197397,943.996216972,943.996216954,787.497621824,6.748175e-06,1.952290e-11,strict
600,601,草,小物,草,小,944.486700660,944.486700623,788.072374443,944.582046763,945.357613160,789.936895264,3.949822e-11,8.203947e-04,strict
611,612,小物,草,小,草,945.959750781,945.965144830,791.169202993,945.992591466,945.992591457,791.175033639,5.702165e-06,9.409522e-12,strict
620,621,草,小物,草,小,946.479262042,946.479262024,791.685319302,946.574207368,947.215281578,793.321043522,1.920215e-11,6.767988e-04,strict
631,632,小物,草,小,草,947.817866397,947.822396892,794.411094521,947.849261810,947.849261806,794.416378849,4.779899e-06,4.426216e-12,strict
635,636,草,小物,草,小,948.065316344,948.065316340,794.432562319,948.090816540,948.090816543,794.847955032,4.424128e-12,3.137240e-12,strict
636,637,小物,草,小,草,948.090816540,948.090816543,794.847955032,948.185655254,948.185655250,794.853206666,3.137240e-12,4.748973e-12,strict
640,641,草,小物,草,小,948.332747012,948.332747004,794.868806603,948.427599858,948.960177954,796.303776940,9.172196e-12,5.612228e-04,strict
651,652,小物,草,小,草小,949.561501707,949.565210391,797.267589506,949.591393417,949.591393416,797.272370457,3.905665e-06,1.989418e-12,tie
655,656,草,小物,草小,小,949.806120350,949.806120348,797.286997695,949.831410998,949.831411002,797.654673239,1.987652e-12,4.248932e-12,tie
656,657,小物,草,小,草,949.831410998,949.831411002,797.654673239,949.927696423,949.927696421,797.659523355,4.248932e-12,2.254282e-12,strict
660,661,草,小物,草,小,950.073140907,950.073140903,797.673647092,950.165231080,950.606413313,798.932363763,4.243184e-12,4.641061e-04,strict
671,672,小物,草,小,草小,951.208937579,951.211946674,799.784224516,951.237348081,951.237348080,799.788546219,3.163433e-06,8.113852e-13,tie
675,676,草,小物,草小,小,951.448258982,951.448258981,799.801779564,951.473366181,951.473366185,800.127072799,8.102495e-13,4.343520e-12,tie
676,677,小物,草,小,草小,951.473366181,951.473366185,800.127072799,951.569048306,951.569048305,800.131375913,4.343520e-12,1.029260e-12,tie
680,681,草,小物,草小,小,951.716234199,951.716234197,800.144077897,951.807932967,952.171373193,801.248099516,1.841631e-12,3.816962e-04,tie
691,692,小物,草,小,草小,952.768984014,952.771447947,802.000921825,952.796350102,952.796350102,802.004822500,2.586069e-06,2.534338e-13,tie
695,696,草,小物,草小,小,953.009347029,953.009347029,802.016688356,953.034037076,953.034037080,802.304390316,2.523036e-13,4.028044e-12,tie
696,697,小物,草,小,草小,953.034037076,953.034037080,802.304390316,953.129485868,953.129485867,802.308291797,4.028044e-12,4.332156e-13,tie
700,701,草,小物,草小,小,953.277056050,953.277056050,802.319827159,953.368723988,953.667497333,803.288137108,6.883628e-13,3.132888e-04,tie
711,712,小物,草,小,草小,954.261222887,954.263267108,803.953139711,954.287780660,954.287780660,803.956658064,2.142198e-06,3.573980e-16,tie
715,716,草,小物,草小,小,954.501621270,954.501621270,803.967427609,954.525877293,954.525877296,804.221815332,2.382119e-16,3.558558e-12,tie
716,717,小物,草,小,草小,954.525877293,954.525877296,804.221815332,954.617445450,954.617445449,804.225337129,3.558558e-12,1.491026e-13,tie
720,721,草,小物,草小,小,954.763231311,954.763231311,804.235675103,954.858595987,955.104741778,805.084871171,1.520566e-13,2.577160e-04,tie
731,732,小物,草,小,草小,955.692612265,955.694316513,805.672342814,955.718523710,955.718523710,805.675513003,1.783256e-06,1.036092e-13,tie
735,736,草,小物,草小,小,955.934717223,955.934717223,805.685125884,955.958449675,955.958449679,805.909992412,1.040615e-13,3.518618e-12,tie
736,737,小物,草,小,草小,955.958449675,955.958449679,805.909992412,956.049519227,956.049519227,805.913144615,3.518618e-12,1.902610e-14,tie
740,741,草,小物,草小,小,956.193836092,956.193836092,805.922466723,956.291186316,956.494642069,806.667245642,2.092555e-14,2.127098e-04,tie
751,752,小物,草,小,草小,957.077895825,957.079306399,807.185998883,957.102998289,957.102998289,807.188852561,1.473832e-06,1.369559e-13,tie
755,756,草,小物,草小,小,957.320254706,957.320254706,807.197561757,957.343339799,957.343339802,807.396307273,1.375186e-13,3.440733e-12,tie
756,757,小物,草,小,草小,957.343339799,957.343339802,807.396307273,957.434241711,957.434241711,807.399150490,3.440733e-12,3.597857e-14,tie
760,761,草,小物,草小,小,957.572803758,957.572803758,807.407540306,957.669120925,957.837437972,808.060649916,3.419250e-14,1.757261e-04,tie
771,772,小物,草,小,草小,958.423073703,958.424232176,808.518740652,958.447434152,958.447434152,808.521307898,1.208727e-06,1.385430e-13,tie
775,776,草,小物,草小,小,958.658016711,958.658016711,808.529103417,958.680664097,958.680664100,808.704736909,1.285511e-13,3.195202e-12,tie
776,777,小物,草,小,草小,958.680664097,958.680664100,808.704736909,958.775930279,958.775930279,808.707268857,3.195202e-12,5.501879e-14,tie
780,781,草,小物,草小,小,958.912686692,958.912686692,808.714795785,959.008471270,959.147488437,809.287546609,5.370681e-14,1.449383e-04,tie
791,792,小物,草,小,草小,959.730500305,959.731450666,809.692002725,959.754082028,959.754082028,809.694310129,9.902366e-07,1.272197e-13,tie
795,796,草,小物,草小,小,959.962827978,959.962827978,809.701309796,959.985015716,959.985015719,809.856520006,1.042170e-13,2.852755e-12,tie
796,797,小物,草,小,草小,959.985015716,959.985015719,809.856520006,960.082529759,960.082529759,809.858830666,2.852755e-12,5.825950e-14,tie
800,801,草,小物,草小,小,960.217736188,960.217736188,809.865597641,960.307707669,960.422317681,810.367858423,5.706732e-14,1.193329e-04,tie
811,812,小物,草,小,草小,961.007340398,961.008123485,810.724904342,961.030090178,961.030090178,810.726977498,8.148604e-07,1.116722e-13,tie
815,816,草,小物,草小,小,961.231770794,961.231770794,810.733268400,961.253681828,961.253681830,810.870404988,8.113462e-14,2.483656e-12,tie
816,817,小物,草,小,草小,961.253681828,961.253681830,810.870404988,961.349864317,961.349864317,810.872452995,2.483656e-12,5.463497e-14,tie
820,821,草,小物,草小,小,961.488752156,961.488752156,810.878509641,961.578003037,961.672467624,811.318954203,5.391763e-14,9.822948e-05,tie
831,832,小物,草,小,草小,962.248371983,962.249020214,811.634174515,962.270487426,962.270487426,811.636035640,6.736624e-07,1.103468e-13,tie
835,836,草,小物,草小,小,962.475735500,962.475735500,811.641655871,962.497129927,962.497129929,811.762814035,6.201257e-14,2.179487e-12,tie
836,837,小物,草,小,草小,962.497129927,962.497129929,811.762814035,962.592607003,962.592607003,811.764658960,2.179487e-12,4.842298e-14,tie
840,841,草,小物,草小,小,962.732629489,962.732629489,811.770120130,962.821369675,962.899318047,812.156369669,4.794359e-14,8.095174e-05,tie
851,852,小物,草,小,草小,963.468127869,963.468664441,812.434608248,963.489554111,963.489554111,812.436278614,5.569176e-07,1.074933e-13,tie
860,861,草,小物,草小,小,963.942896400,963.942896400,812.554919303,964.036848601,964.101234680,812.893633200,4.564254e-14,6.678352e-05,tie
871,872,小物,草,小,草小,964.659936868,964.660379654,813.139285084,964.680993107,964.680993107,813.140783409,4.590072e-07,1.006432e-13,tie
880,881,草,小物,草小,小,965.134150257,965.134150257,813.245713210,965.230613499,965.283795721,813.542771967,4.193460e-14,5.509491e-05,tie
891,892,小物,草,小,草小,965.834391049,965.834755607,813.759610216,965.854800956,965.854800957,813.760953551,3.774539e-07,9.098668e-14,tie
900,901,草,小物,草小,小,966.298630753,966.298630753,813.853813757,966.393524582,966.437420884,814.114323716,3.858981e-14,4.542074e-05,tie
911,912,小物,草,小,草小,966.990373583,966.990673836,814.305762639,967.010272375,967.010272375,814.306966764,3.105018e-07,8.017952e-14,tie
920,921,草,小物,草小,小,967.446725305,967.446725305,814.389102294,967.540878709,967.577091179,814.617582746,3.466611e-14,3.742593e-05,tie
931,932,小物,草,小,草小,968.124281991,968.124529776,814.786599431,968.143544428,968.143544428,814.787678227,2.559431e-07,7.139602e-14,tie
940,941,草,小物,草小,小,968.577060060,968.577060060,814.860375590,968.662136020,968.692013241,815.060766777,3.040015e-14,3.084285e-05,tie
951,952,小物,草,小,草小,969.241716491,969.241921222,815.209988121,969.260370885,969.260370885,815.210954601,2.112272e-07,6.357246e-14,tie
960,961,草,小物,草小,小,969.685432074,969.685432074,815.275271959,969.769406344,969.794068341,815.451038009,2.649645e-14,2.543014e-05,tie
971,972,小物,草,小,草小,970.330339123,970.330508199,815.582811097,970.348375532,970.348375532,815.583676591,1.742459e-07,5.694017e-14,tie
980,981,草,小物,草小,小,970.777777043,970.777777043,815.640599231,970.859564069,970.879926851,815.794778548,2.318759e-14,2.097353e-05,tie
991,992,小物,草,小,草小,971.406929181,971.407068647,815.911140454,971.424184123,971.424184123,815.911915518,1.435716e-07,5.032337e-14,tie
1000,1001,草,小物,草小,小,971.840653151,971.840653151,815.962299477,971.928441955,971.945178232,816.097547248,2.047167e-14,1.721936e-05,tie
1011,1012,小物,草,小,草小,972.457037893,972.457152387,816.200333533,972.474137513,972.474137513,816.201027470,1.177364e-07,3.670809e-14,tie
1020,1021,草,小物,草小,小,972.891448580,972.891448580,816.245614212,972.981819368,972.995594951,816.364271000,1.507424e-14,1.415791e-05,tie
1031,1032,小物,草,小,草小,973.495304873,973.495399058,816.455062382,973.511737043,973.511737043,816.455683582,9.674942e-08,2.872791e-14,tie
1040,1041,草,小物,草小,小,973.915232085,973.915232085,816.495165850,974.004903149,974.016252340,816.599266780,1.155644e-14,1.165195e-05,tie
1051,1052,小物,草,小,草小,974.516167970,974.516245582,816.679484718,974.532167201,974.532167201,816.680040836,7.964183e-08,2.368155e-14,tie
1060,1061,草,小物,草小,小,974.926751811,974.926751811,816.714993253,975.016471535,975.025828743,816.806336342,9.212241e-15,9.596882e-06,tie
1071,1072,小物,草,小,草小,975.516006193,975.516070203,816.877221489,975.531422526,975.531422526,816.877719250,6.561698e-08,2.016114e-14,tie
1080,1081,草,小物,草小,小,975.920234750,975.920234750,816.908683295,975.998462491,976.006181707,816.988835941,7.921452e-15,7.908982e-06,tie
1091,1092,小物,草,小,草小,976.500809798,976.500862593,817.051480887,976.515758036,976.515758036,817.051926492,5.406571e-08,1.746313e-14,tie
1100,1101,草,小物,草小,小,976.892248826,976.892248826,817.079351115,976.969014328,976.975372995,817.149692436,6.866186e-15,6.508523e-06,tie
1111,1112,小物,草,小,草小,977.453463260,977.453506725,817.205071825,977.467761648,977.467761648,817.205470692,4.446711e-08,1.418952e-14,tie
1120,1121,草,小物,草小,小,977.849068269,977.849068269,817.229770190,977.919875855,977.925112135,817.291508342,5.348059e-15,5.354479e-06,tie
1131,1132,小物,草,小,草小,978.394574939,978.394610711,817.340469481,978.408083136,978.408083136,817.340826576,3.656160e-08,1.115479e-14,tie
1140,1141,草,小物,草小,小,978.772516829,978.772516829,817.362361697,978.849104232,978.853417000,817.416553089,4.413794e-15,4.405939e-06,tie
1151,1152,小物,草,小,草小,979.302472755,979.302502209,817.459856039,979.315921679,979.315921679,817.460175745,3.007720e-08,8.938777e-15,tie
1160,1161,草,小物,草小,小,979.683972146,979.683972146,817.479259687,979.762677551,979.766231115,817.526834387,3.481332e-15,3.626951e-06,tie
1171,1172,小物,草,小,草小,980.199115667,980.199139936,817.565136267,980.211844701,980.211844701,817.565422515,2.475880e-08,7.422842e-15,tie
1180,1181,草,小物,草小,小,980.561331700,980.561331700,817.582345289,980.641737280,980.644666655,817.624113382,2.898514e-15,2.987193e-06,tie
1191,1192,小物,草,小,草小,981.073443100,981.073463104,817.658002631,981.085751468,981.085751468,817.658258978,2.038957e-08,5.446294e-15,tie
1200,1201,草,小物,草小,小,981.426679837,981.426679837,817.673263821,981.508450239,981.510864360,817.709940146,2.316767e-15,2.459597e-06,tie
1211,1212,小物,草,小,草小,981.925824756,981.925841236,817.739931466,981.937654914,981.937654914,817.740161039,1.678366e-08,3.936454e-15,tie
1220,1221,草,小物,草小,小,982.268868460,982.268868460,817.753474709,982.338207769,982.340196667,817.785682502,1.967563e-15,2.024653e-06,tie
1231,1232,小物,草,小,草小,982.761906349,982.761919921,817.812228825,982.773338466,982.773338466,817.812434479,1.380996e-08,2.544951e-15,tie
1240,1241,草,小物,草小,小,983.088958889,983.088958889,817.824246447,983.156538569,983.158176958,817.852534813,1.503352e-15,1.666456e-06,tie
1251,1252,小物,草,小,草小,983.561691587,983.561702763,817.876040190,983.572539447,983.572539447,817.876224429,1.136286e-08,1.849370e-15,tie
1260,1261,草,小物,草小,小,983.892503002,983.892503002,817.886708465,983.949849086,983.951198860,817.911558027,1.271028e-15,1.371790e-06,tie
1271,1272,小物,草,小,草小,984.348276163,984.348285368,817.932374539,984.358494340,984.358494340,817.932539636,9.351491e-09,1.270427e-15,tie
1280,1281,草,小物,草小,小,984.659056446,984.659056446,817.941847564,984.721116171,984.722228437,817.963678970,9.236646e-16,1.129523e-06,tie
1291,1292,小物,草,小,草小,985.095128973,985.095136557,817.982121523,985.105238832,985.105238832,817.982269490,7.698693e-09,9.232462e-16,tie
1300,1301,草,小物,草小,小,985.412066801,985.412066801,817.990533488,985.475450224,985.476366802,818.009716762,8.075889e-16,9.300865e-07,tie
1311,1312,小物,草,小,草小,985.830578164,985.830584412,818.026058850,985.839963133,985.839963133,818.026191487,6.337991e-09,8.072384e-16,tie
1320,1321,草,小物,草小,小,986.125037650,986.125037650,818.033533224,986.192534597,986.193289840,818.050391300,8.070050e-16,7.658160e-07,tie
1331,1332,小物,草,小,草小,986.539035136,986.539040283,818.064877135,986.548022377,986.548022377,818.064996063,5.217028e-09,6.914220e-16,tie
1340,1341,草,小物,草小,小,986.826125088,986.826125088,818.071518642,986.895850934,986.896473174,818.086336253,6.912272e-16,6.305018e-07,tie
1351,1352,小物,草,小,草小,987.226088173,987.226092412,818.099180076,987.234698008,987.234698008,818.099286725,4.293863e-09,5.757842e-16,tie
1360,1361,草,小物,草小,小,987.499991305,987.499991305,818.105085491,987.557957531,987.558470176,818.118110969,4.605037e-16,5.191036e-07,tie
1371,1372,小物,草,小,草小,987.896007519,987.896011010,818.129501303,987.904251752,987.904251752,818.129596972,3.534136e-09,3.452364e-16,tie
1380,1381,草,小物,草小,小,988.152951792,988.152951792,818.134752203,988.209157290,988.209579676,818.146204728,4.601994e-16,4.274256e-07,tie
1391,1392,小物,草,小,草小,988.528875347,988.528878223,818.156309946,988.536696626,988.536696626,818.156395778,2.909278e-09,2.300104e-16,tie
1400,1401,草,小物,草小,小,988.788781650,988.788781650,818.160980773,988.832254781,988.832602820,818.171052076,1.149759e-16,3.519695e-07,tie
1411,1412,小物,草,小,草小,989.148290893,989.148293263,818.180019294,989.155713156,989.155713156,818.180096322,2.395087e-09,2.298664e-16,tie
1420,1421,草,小物,草小,小,989.387907301,989.387907301,818.184175387,989.435410220,989.435696997,818.193033471,2.298125e-16,2.898391e-07,tie
1431,1432,小物,草,小,草小,989.726299671,989.726301623,818.200994027,989.733526916,989.733526916,818.201063168,1.971801e-09,2.297322e-16,tie
1440,1441,草,小物,草小,小,989.974011782,989.974011782,818.204692451,990.021483634,990.021719922,818.212485019,2.296764e-16,2.386699e-07,tie
1451,1452,小物,草,小,草小,990.294670191,990.294671799,818.219553538,990.301255845,990.301255845,818.219615613,1.623227e-09,2.296005e-16,tie
1460,1461,草,小物,草小,小,990.519036985,990.519036985,818.222846600,990.571731909,990.571926590,818.229702843,1.147750e-16,1.965338e-07,tie
1471,1472,小物,草,小,草小,990.834560871,990.834562195,818.235981482,990.840795471,990.840795471,818.236037228,1.336260e-09,1.147377e-16,tie
1480,1481,草,小物,草小,小,991.054725731,991.054725731,818.238913964,991.109841321,991.110001722,818.244947737,2.294260e-16,1.618400e-07,tie
1491,1492,小物,草,小,草小,991.356800027,991.356801117,818.250526419,991.362726442,991.362726442,818.250576490,1.100070e-09,2.293547e-16,tie
